city,url
Singapore,https://www.instagram.com/p/BqfFwtdAexn/
Pune,https://www.instagram.com/p/Boso6KLBlUn/
Lyon,https://www.instagram.com/p/BoYgmlghFpu/
Hyderabad,https://www.instagram.com/p/BoMhycyh_2u/
Toronto,https://www.instagram.com/p/Bn_7OuPhIvI/
Islamabad,https://www.instagram.com/p/Bn3t6lYiuTi/
Lucknow,https://www.instagram.com/p/BnyC8X8hly5/
Beirut,https://www.instagram.com/p/Bnq2FV-BURI/
Riga,https://www.instagram.com/p/BnlykBcBdEj/
London,https://www.instagram.com/p/BngF8ZVhEnd/
SaoPaulo,https://www.instagram.com/p/BnXC8rGBSCF/
LosAngeles,https://www.instagram.com/p/BnR4iSIh3P9/
Delhi,https://www.instagram.com/p/BnL2kaVBeh2/
Berlin,https://www.instagram.com/p/BnGgMdrhiui/
Cairo,https://www.instagram.com/p/BnA6aCjh7ZT/
Karachi,https://www.instagram.com/p/Bm7ti71BJBT/
Dubai,https://www.instagram.com/p/Bm25Ma4B7uK/
Manila,https://www.instagram.com/p/Bmuz_A_BGVh/
Bucharest,https://www.instagram.com/p/BmqZEnRBiAV/
Mumbai,https://www.instagram.com/p/BmfmeNNBflk/
Milan,https://www.instagram.com/p/Bma6e4rBGZf/
Chandigarh,https://www.instagram.com/p/BqkhhL4AynE/